Algorithm,Input Size,Execution Time (seconds),Memory (KB)
Linear Search,100,0.00038950000089243986,0.0703125
Linear Search,500,0.00011380000069038942,0.1328125
Linear Search,1000,0.00048519999836571515,0.09375
Linear Search,2000,0.000398300002416363,0.09375
Binary Search,100,8.799997885944322e-06,0.0234375
Binary Search,500,7.499998901039362e-06,0.0546875
Binary Search,1000,5.900001269765198e-06,0.0234375
Binary Search,2000,6.300000677583739e-06,0.0234375
Single Loop,100,2.3399999918183312e-05,0.0234375
Single Loop,500,5.8999998145736754e-05,0.0234375
Single Loop,1000,0.00015219999841065146,0.0234375
Single Loop,2000,0.00016829999731271528,0.0234375
Nested Loop,100,0.0010640999971656129,0.0546875
Nested Loop,500,0.02448029999868595,0.0234375
Nested Loop,1000,0.1501148999996076,0.0234375
Nested Loop,2000,0.38220860000001267,0.0234375
Recursive Factorial,100,0.00014279999959398992,0.1953125
Recursive Factorial,500,0.002229900001111673,5.26171875
Recursive Factorial,900,0.009319299999333452,17.82421875
Iterative Factorial,100,0.00011139999696752056,0.1953125
Iterative Factorial,500,0.000562299999728566,1.05859375
Iterative Factorial,900,0.0011082999990321696,2.04296875
